{
    "id": "amoeba",
    "server_packs": [
        {
            "id": "DataPack",
            "version": "1"
        }
    ],
    "services": [],
    "startups": [
        {
            "CustomProperties": {},
            "FileHooks": null,
            "arguments": null,
            "dataPackId": "DataPack",
            "executable": "amoeba.exe",
            "id": "Startup",
            "multiconnection": false,
            "numberOfPlayers": 0,
            "workDir": ""
        }
    ],
    "version": "1"
}